{
    "time": 260.19819021224976,
    "times": {
        "collect_message": 220.6665596961975,
        "run": 39.51109027862549
    },
    "total": 90,
    "visit_sy": 163,
    "visit": 180
}