{
    "time": 974.3189055919647,
    "times": {
        "collect_message": 845.0211081504822,
        "run": 129.27392840385437
    },
    "total": 300,
    "visit_sy": 4721,
    "visit": 6900
}