{"time": 107.40940475463867, "times": {"collect_message": 94.63003778457642, "run": 12.702115058898926}, "total": 29, "visit_sy": 67, "visit": 87}