{"time": 537.6541812419891, "times": {"collect_message": 457.1873891353607, "run": 80.44611382484436}, "total": 186, "visit_sy": 2811, "visit": 2976}