{"time": 260.33216643333435, "times": {"collect_message": 221.69897866249084, "run": 38.55877876281738}, "total": 87, "visit_sy": 1143, "visit": 1740}