{"time": 1251.13676071167, "times": {"collect_message": 1075.1476423740387, "run": 175.98370122909546}, "total": 410, "visit_sy": 9414, "visit": 11480}