{"time": 1344.1321032047272, "times": {"collect_message": 1184.527761220932, "run": 159.58932447433472}, "total": 369, "visit_sy": 14158, "visit": 22140}