{
    "time": 1715.087274312973,
    "times": {
        "collect_message": 1455.5736985206604,
        "run": 259.50875544548035
    },
    "total": 603,
    "visit_sy": 29568,
    "visit": 37386
}