{
    "time": 1840.1877043247223,
    "times": {
        "collect_message": 1624.6732053756714,
        "run": 215.5011968612671
    },
    "total": 503,
    "visit_sy": 23192,
    "visit": 45773
}