{
    "time": 700.2743942737579,
    "times": {
        "collect_message": 604.8073582649231,
        "run": 95.44531488418579
    },
    "total": 221,
    "visit_sy": 4822,
    "visit": 6188
}