{
    "time": 854.6369390487671,
    "times": {
        "collect_message": 757.7357218265533,
        "run": 96.89299035072327
    },
    "total": 224,
    "visit_sy": 2412,
    "visit": 4256
}