{
    "time": 1844.6055221557617,
    "times": {
        "collect_message": 1598.3894453048706,
        "run": 246.2067427635193
    },
    "total": 573,
    "visit_sy": 17711,
    "visit": 20628
}