{
    "time": 769.9320154190063,
    "times": {
        "collect_message": 692.3265027999878,
        "run": 77.59669733047485
    },
    "total": 179,
    "visit_sy": 2348,
    "visit": 2506
}