{
    "time": 408.5506956577301,
    "times": {
        "collect_message": 359.5158975124359,
        "run": 49.02488851547241
    },
    "total": 109,
    "visit_sy": 501,
    "visit": 545
}