{
    "time": 1032.2752957344055,
    "times": {
        "collect_message": 887.5119953155518,
        "run": 144.75921869277954
    },
    "total": 335,
    "visit_sy": 8867,
    "visit": 11725
}