{
    "time": 185.54658365249634,
    "times": {
        "collect_message": 164.7860724925995,
        "run": 20.75570511817932
    },
    "total": 47,
    "visit_sy": 393,
    "visit": 564
}