{
    "time": 992.9545526504517,
    "times": {
        "collect_message": 861.5344483852386,
        "run": 131.3959925174713
    },
    "total": 305,
    "visit_sy": 9043,
    "visit": 14030
}